Label,image_path
normal,C:/Users/Admin/Desktop/hiproject/Project/normal\1.jpg
normal,C:/Users/Admin/Desktop/hiproject/Project/normal\10.jpg
normal,C:/Users/Admin/Desktop/hiproject/Project/normal\100.jpg
normal,C:/Users/Admin/Desktop/hiproject/Project/normal\101.jpg
normal,C:/Users/Admin/Desktop/hiproject/Project/normal\102.jpg
normal,C:/Users/Admin/Desktop/hiproject/Project/normal\103.jpg
normal,C:/Users/Admin/Desktop/hiproject/Project/normal\104.jpg
normal,C:/Users/Admin/Desktop/hiproject/Project/normal\105.jpg
normal,C:/Users/Admin/Desktop/hiproject/Project/normal\106.jpg
normal,C:/Users/Admin/Desktop/hiproject/Project/normal\107.jpg
normal,C:/Users/Admin/Desktop/hiproject/Project/normal\108.jpg
normal,C:/Users/Admin/Desktop/hiproject/Project/normal\109.jpg
normal,C:/Users/Admin/Desktop/hiproject/Project/normal\11.jpg
normal,C:/Users/Admin/Desktop/hiproject/Project/normal\110.jpg
normal,C:/Users/Admin/Desktop/hiproject/Project/normal\111.jpg
normal,C:/Users/Admin/Desktop/hiproject/Project/normal\112.jpg
normal,C:/Users/Admin/Desktop/hiproject/Project/normal\113.jpg
normal,C:/Users/Admin/Desktop/hiproject/Project/normal\114.jpg
normal,C:/Users/Admin/Desktop/hiproject/Project/normal\115.jpg
normal,C:/Users/Admin/Desktop/hiproject/Project/normal\116.jpg
normal,C:/Users/Admin/Desktop/hiproject/Project/normal\117.jpg
normal,C:/Users/Admin/Desktop/hiproject/Project/normal\118.jpg
normal,C:/Users/Admin/Desktop/hiproject/Project/normal\119.jpg
normal,C:/Users/Admin/Desktop/hiproject/Project/normal\12.jpg
normal,C:/Users/Admin/Desktop/hiproject/Project/normal\120.jpg
normal,C:/Users/Admin/Desktop/hiproject/Project/normal\121.jpg
normal,C:/Users/Admin/Desktop/hiproject/Project/normal\122.jpg
normal,C:/Users/Admin/Desktop/hiproject/Project/normal\123.jpg
normal,C:/Users/Admin/Desktop/hiproject/Project/normal\124.jpg
normal,C:/Users/Admin/Desktop/hiproject/Project/normal\125.jpg
normal,C:/Users/Admin/Desktop/hiproject/Project/normal\126.jpg
normal,C:/Users/Admin/Desktop/hiproject/Project/normal\127.jpg
normal,C:/Users/Admin/Desktop/hiproject/Project/normal\128.jpg
normal,C:/Users/Admin/Desktop/hiproject/Project/normal\129.jpg
normal,C:/Users/Admin/Desktop/hiproject/Project/normal\13.jpg
normal,C:/Users/Admin/Desktop/hiproject/Project/normal\130.jpg
normal,C:/Users/Admin/Desktop/hiproject/Project/normal\131.jpg
normal,C:/Users/Admin/Desktop/hiproject/Project/normal\132.jpg
normal,C:/Users/Admin/Desktop/hiproject/Project/normal\133.jpg
normal,C:/Users/Admin/Desktop/hiproject/Project/normal\134.jpg
normal,C:/Users/Admin/Desktop/hiproject/Project/normal\135.jpg
normal,C:/Users/Admin/Desktop/hiproject/Project/normal\136.jpg
normal,C:/Users/Admin/Desktop/hiproject/Project/normal\137.jpg
normal,C:/Users/Admin/Desktop/hiproject/Project/normal\138.jpg
normal,C:/Users/Admin/Desktop/hiproject/Project/normal\139.jpg
normal,C:/Users/Admin/Desktop/hiproject/Project/normal\14.jpg
normal,C:/Users/Admin/Desktop/hiproject/Project/normal\140.jpg
normal,C:/Users/Admin/Desktop/hiproject/Project/normal\141.jpg
normal,C:/Users/Admin/Desktop/hiproject/Project/normal\142.jpg
normal,C:/Users/Admin/Desktop/hiproject/Project/normal\143.jpg
normal,C:/Users/Admin/Desktop/hiproject/Project/normal\144.jpg
normal,C:/Users/Admin/Desktop/hiproject/Project/normal\145.jpg
normal,C:/Users/Admin/Desktop/hiproject/Project/normal\146.jpg
normal,C:/Users/Admin/Desktop/hiproject/Project/normal\147.jpg
normal,C:/Users/Admin/Desktop/hiproject/Project/normal\148.jpg
normal,C:/Users/Admin/Desktop/hiproject/Project/normal\149.jpg
normal,C:/Users/Admin/Desktop/hiproject/Project/normal\15.jpg
normal,C:/Users/Admin/Desktop/hiproject/Project/normal\150.jpg
normal,C:/Users/Admin/Desktop/hiproject/Project/normal\151.jpg
normal,C:/Users/Admin/Desktop/hiproject/Project/normal\152.jpg
normal,C:/Users/Admin/Desktop/hiproject/Project/normal\153.jpg
normal,C:/Users/Admin/Desktop/hiproject/Project/normal\154.jpg
normal,C:/Users/Admin/Desktop/hiproject/Project/normal\155.jpg
normal,C:/Users/Admin/Desktop/hiproject/Project/normal\156.jpg
normal,C:/Users/Admin/Desktop/hiproject/Project/normal\157.jpg
normal,C:/Users/Admin/Desktop/hiproject/Project/normal\158.jpg
normal,C:/Users/Admin/Desktop/hiproject/Project/normal\159.jpg
normal,C:/Users/Admin/Desktop/hiproject/Project/normal\16.jpg
normal,C:/Users/Admin/Desktop/hiproject/Project/normal\160.jpg
normal,C:/Users/Admin/Desktop/hiproject/Project/normal\161.jpg
normal,C:/Users/Admin/Desktop/hiproject/Project/normal\162.jpg
normal,C:/Users/Admin/Desktop/hiproject/Project/normal\163.jpg
normal,C:/Users/Admin/Desktop/hiproject/Project/normal\164.jpg
normal,C:/Users/Admin/Desktop/hiproject/Project/normal\165.jpg
normal,C:/Users/Admin/Desktop/hiproject/Project/normal\166.jpg
normal,C:/Users/Admin/Desktop/hiproject/Project/normal\167.jpg
normal,C:/Users/Admin/Desktop/hiproject/Project/normal\168.jpg
normal,C:/Users/Admin/Desktop/hiproject/Project/normal\169.jpg
normal,C:/Users/Admin/Desktop/hiproject/Project/normal\17.jpg
normal,C:/Users/Admin/Desktop/hiproject/Project/normal\170.jpg
normal,C:/Users/Admin/Desktop/hiproject/Project/normal\171.jpg
normal,C:/Users/Admin/Desktop/hiproject/Project/normal\172.jpg
normal,C:/Users/Admin/Desktop/hiproject/Project/normal\173.jpg
normal,C:/Users/Admin/Desktop/hiproject/Project/normal\174.jpg
normal,C:/Users/Admin/Desktop/hiproject/Project/normal\175.jpg
normal,C:/Users/Admin/Desktop/hiproject/Project/normal\176.jpg
normal,C:/Users/Admin/Desktop/hiproject/Project/normal\177.jpg
normal,C:/Users/Admin/Desktop/hiproject/Project/normal\178.jpg
normal,C:/Users/Admin/Desktop/hiproject/Project/normal\179.jpg
normal,C:/Users/Admin/Desktop/hiproject/Project/normal\18.jpg
normal,C:/Users/Admin/Desktop/hiproject/Project/normal\180.jpg
normal,C:/Users/Admin/Desktop/hiproject/Project/normal\181.jpg
normal,C:/Users/Admin/Desktop/hiproject/Project/normal\182.jpg
normal,C:/Users/Admin/Desktop/hiproject/Project/normal\183.jpg
normal,C:/Users/Admin/Desktop/hiproject/Project/normal\184.jpg
normal,C:/Users/Admin/Desktop/hiproject/Project/normal\185.jpg
normal,C:/Users/Admin/Desktop/hiproject/Project/normal\186.jpg
normal,C:/Users/Admin/Desktop/hiproject/Project/normal\187.jpg
normal,C:/Users/Admin/Desktop/hiproject/Project/normal\188.jpg
normal,C:/Users/Admin/Desktop/hiproject/Project/normal\189.jpg
normal,C:/Users/Admin/Desktop/hiproject/Project/normal\19.jpg
normal,C:/Users/Admin/Desktop/hiproject/Project/normal\190.jpg
normal,C:/Users/Admin/Desktop/hiproject/Project/normal\191.jpg
normal,C:/Users/Admin/Desktop/hiproject/Project/normal\192.jpg
normal,C:/Users/Admin/Desktop/hiproject/Project/normal\193.jpg
normal,C:/Users/Admin/Desktop/hiproject/Project/normal\194.jpg
normal,C:/Users/Admin/Desktop/hiproject/Project/normal\195.jpg
normal,C:/Users/Admin/Desktop/hiproject/Project/normal\196.jpg
normal,C:/Users/Admin/Desktop/hiproject/Project/normal\197.jpg
normal,C:/Users/Admin/Desktop/hiproject/Project/normal\198.jpg
normal,C:/Users/Admin/Desktop/hiproject/Project/normal\199.jpg
normal,C:/Users/Admin/Desktop/hiproject/Project/normal\2.jpg
normal,C:/Users/Admin/Desktop/hiproject/Project/normal\20.jpg
normal,C:/Users/Admin/Desktop/hiproject/Project/normal\200.jpg
normal,C:/Users/Admin/Desktop/hiproject/Project/normal\201.jpg
normal,C:/Users/Admin/Desktop/hiproject/Project/normal\202.jpg
normal,C:/Users/Admin/Desktop/hiproject/Project/normal\203.jpg
normal,C:/Users/Admin/Desktop/hiproject/Project/normal\204.jpg
normal,C:/Users/Admin/Desktop/hiproject/Project/normal\205.jpg
normal,C:/Users/Admin/Desktop/hiproject/Project/normal\206.jpg
normal,C:/Users/Admin/Desktop/hiproject/Project/normal\207.jpg
normal,C:/Users/Admin/Desktop/hiproject/Project/normal\208.jpg
normal,C:/Users/Admin/Desktop/hiproject/Project/normal\209.jpg
normal,C:/Users/Admin/Desktop/hiproject/Project/normal\21.jpg
normal,C:/Users/Admin/Desktop/hiproject/Project/normal\210.jpg
normal,C:/Users/Admin/Desktop/hiproject/Project/normal\211.jpg
normal,C:/Users/Admin/Desktop/hiproject/Project/normal\212.jpg
normal,C:/Users/Admin/Desktop/hiproject/Project/normal\213.jpg
normal,C:/Users/Admin/Desktop/hiproject/Project/normal\214.jpg
normal,C:/Users/Admin/Desktop/hiproject/Project/normal\215.jpg
normal,C:/Users/Admin/Desktop/hiproject/Project/normal\216.jpg
normal,C:/Users/Admin/Desktop/hiproject/Project/normal\217.jpg
normal,C:/Users/Admin/Desktop/hiproject/Project/normal\218.jpg
normal,C:/Users/Admin/Desktop/hiproject/Project/normal\219.jpg
normal,C:/Users/Admin/Desktop/hiproject/Project/normal\22.jpg
normal,C:/Users/Admin/Desktop/hiproject/Project/normal\220.jpg
normal,C:/Users/Admin/Desktop/hiproject/Project/normal\221.jpg
normal,C:/Users/Admin/Desktop/hiproject/Project/normal\222.jpg
normal,C:/Users/Admin/Desktop/hiproject/Project/normal\223.jpg
normal,C:/Users/Admin/Desktop/hiproject/Project/normal\224.jpg
normal,C:/Users/Admin/Desktop/hiproject/Project/normal\225.jpg
normal,C:/Users/Admin/Desktop/hiproject/Project/normal\226.jpg
normal,C:/Users/Admin/Desktop/hiproject/Project/normal\227.jpg
normal,C:/Users/Admin/Desktop/hiproject/Project/normal\228.jpg
normal,C:/Users/Admin/Desktop/hiproject/Project/normal\229.jpg
normal,C:/Users/Admin/Desktop/hiproject/Project/normal\23.jpg
normal,C:/Users/Admin/Desktop/hiproject/Project/normal\230.jpg
normal,C:/Users/Admin/Desktop/hiproject/Project/normal\231.jpg
normal,C:/Users/Admin/Desktop/hiproject/Project/normal\232.jpg
normal,C:/Users/Admin/Desktop/hiproject/Project/normal\233.jpg
normal,C:/Users/Admin/Desktop/hiproject/Project/normal\234.jpg
normal,C:/Users/Admin/Desktop/hiproject/Project/normal\235.jpg
normal,C:/Users/Admin/Desktop/hiproject/Project/normal\236.jpg
normal,C:/Users/Admin/Desktop/hiproject/Project/normal\237.jpg
normal,C:/Users/Admin/Desktop/hiproject/Project/normal\238.jpg
normal,C:/Users/Admin/Desktop/hiproject/Project/normal\239.jpg
normal,C:/Users/Admin/Desktop/hiproject/Project/normal\24.jpg
normal,C:/Users/Admin/Desktop/hiproject/Project/normal\240.jpg
normal,C:/Users/Admin/Desktop/hiproject/Project/normal\241.jpg
normal,C:/Users/Admin/Desktop/hiproject/Project/normal\242.jpg
normal,C:/Users/Admin/Desktop/hiproject/Project/normal\243.jpg
normal,C:/Users/Admin/Desktop/hiproject/Project/normal\244.jpg
normal,C:/Users/Admin/Desktop/hiproject/Project/normal\245.jpg
normal,C:/Users/Admin/Desktop/hiproject/Project/normal\246.jpg
normal,C:/Users/Admin/Desktop/hiproject/Project/normal\247.jpg
normal,C:/Users/Admin/Desktop/hiproject/Project/normal\248.jpg
normal,C:/Users/Admin/Desktop/hiproject/Project/normal\249.jpg
normal,C:/Users/Admin/Desktop/hiproject/Project/normal\25.jpg
normal,C:/Users/Admin/Desktop/hiproject/Project/normal\250.jpg
normal,C:/Users/Admin/Desktop/hiproject/Project/normal\251.jpg
normal,C:/Users/Admin/Desktop/hiproject/Project/normal\252.jpg
normal,C:/Users/Admin/Desktop/hiproject/Project/normal\253.jpg
normal,C:/Users/Admin/Desktop/hiproject/Project/normal\254.jpg
normal,C:/Users/Admin/Desktop/hiproject/Project/normal\255.jpg
normal,C:/Users/Admin/Desktop/hiproject/Project/normal\256.jpg
normal,C:/Users/Admin/Desktop/hiproject/Project/normal\257.jpg
normal,C:/Users/Admin/Desktop/hiproject/Project/normal\258.jpg
normal,C:/Users/Admin/Desktop/hiproject/Project/normal\259.jpg
normal,C:/Users/Admin/Desktop/hiproject/Project/normal\26.jpg
normal,C:/Users/Admin/Desktop/hiproject/Project/normal\260.jpg
normal,C:/Users/Admin/Desktop/hiproject/Project/normal\261.jpg
normal,C:/Users/Admin/Desktop/hiproject/Project/normal\262.jpg
normal,C:/Users/Admin/Desktop/hiproject/Project/normal\263.jpg
normal,C:/Users/Admin/Desktop/hiproject/Project/normal\264.jpg
normal,C:/Users/Admin/Desktop/hiproject/Project/normal\265.jpg
normal,C:/Users/Admin/Desktop/hiproject/Project/normal\266.jpg
normal,C:/Users/Admin/Desktop/hiproject/Project/normal\267.jpg
normal,C:/Users/Admin/Desktop/hiproject/Project/normal\268.jpg
normal,C:/Users/Admin/Desktop/hiproject/Project/normal\269.jpg
normal,C:/Users/Admin/Desktop/hiproject/Project/normal\27.jpg
normal,C:/Users/Admin/Desktop/hiproject/Project/normal\270.jpg
normal,C:/Users/Admin/Desktop/hiproject/Project/normal\271.jpg
normal,C:/Users/Admin/Desktop/hiproject/Project/normal\272.jpg
normal,C:/Users/Admin/Desktop/hiproject/Project/normal\273.jpg
normal,C:/Users/Admin/Desktop/hiproject/Project/normal\274.jpg
normal,C:/Users/Admin/Desktop/hiproject/Project/normal\275.jpg
normal,C:/Users/Admin/Desktop/hiproject/Project/normal\276.jpg
normal,C:/Users/Admin/Desktop/hiproject/Project/normal\277.jpg
normal,C:/Users/Admin/Desktop/hiproject/Project/normal\278.jpg
normal,C:/Users/Admin/Desktop/hiproject/Project/normal\279.jpg
normal,C:/Users/Admin/Desktop/hiproject/Project/normal\28.jpg
normal,C:/Users/Admin/Desktop/hiproject/Project/normal\280.jpg
normal,C:/Users/Admin/Desktop/hiproject/Project/normal\281.jpg
normal,C:/Users/Admin/Desktop/hiproject/Project/normal\282.jpg
normal,C:/Users/Admin/Desktop/hiproject/Project/normal\283.jpg
normal,C:/Users/Admin/Desktop/hiproject/Project/normal\284.jpg
normal,C:/Users/Admin/Desktop/hiproject/Project/normal\285.jpg
normal,C:/Users/Admin/Desktop/hiproject/Project/normal\286.jpg
normal,C:/Users/Admin/Desktop/hiproject/Project/normal\287.jpg
normal,C:/Users/Admin/Desktop/hiproject/Project/normal\288.jpg
normal,C:/Users/Admin/Desktop/hiproject/Project/normal\289.jpg
normal,C:/Users/Admin/Desktop/hiproject/Project/normal\29.jpg
normal,C:/Users/Admin/Desktop/hiproject/Project/normal\290.jpg
normal,C:/Users/Admin/Desktop/hiproject/Project/normal\291.jpg
normal,C:/Users/Admin/Desktop/hiproject/Project/normal\292.jpg
normal,C:/Users/Admin/Desktop/hiproject/Project/normal\293.jpg
normal,C:/Users/Admin/Desktop/hiproject/Project/normal\294.jpg
normal,C:/Users/Admin/Desktop/hiproject/Project/normal\295.jpg
normal,C:/Users/Admin/Desktop/hiproject/Project/normal\296.jpg
normal,C:/Users/Admin/Desktop/hiproject/Project/normal\297.jpg
normal,C:/Users/Admin/Desktop/hiproject/Project/normal\298.jpg
normal,C:/Users/Admin/Desktop/hiproject/Project/normal\299.jpg
normal,C:/Users/Admin/Desktop/hiproject/Project/normal\3.jpg
normal,C:/Users/Admin/Desktop/hiproject/Project/normal\30.jpg
normal,C:/Users/Admin/Desktop/hiproject/Project/normal\300.jpg
normal,C:/Users/Admin/Desktop/hiproject/Project/normal\301.jpg
normal,C:/Users/Admin/Desktop/hiproject/Project/normal\302.jpg
normal,C:/Users/Admin/Desktop/hiproject/Project/normal\303.jpg
normal,C:/Users/Admin/Desktop/hiproject/Project/normal\304.jpg
normal,C:/Users/Admin/Desktop/hiproject/Project/normal\305.jpg
normal,C:/Users/Admin/Desktop/hiproject/Project/normal\306.jpg
normal,C:/Users/Admin/Desktop/hiproject/Project/normal\307.jpg
normal,C:/Users/Admin/Desktop/hiproject/Project/normal\308.jpg
normal,C:/Users/Admin/Desktop/hiproject/Project/normal\309.jpg
normal,C:/Users/Admin/Desktop/hiproject/Project/normal\31.jpg
normal,C:/Users/Admin/Desktop/hiproject/Project/normal\310.jpg
normal,C:/Users/Admin/Desktop/hiproject/Project/normal\311.jpg
normal,C:/Users/Admin/Desktop/hiproject/Project/normal\312.jpg
normal,C:/Users/Admin/Desktop/hiproject/Project/normal\313.jpg
normal,C:/Users/Admin/Desktop/hiproject/Project/normal\314.jpg
normal,C:/Users/Admin/Desktop/hiproject/Project/normal\315.jpg
normal,C:/Users/Admin/Desktop/hiproject/Project/normal\316.jpg
normal,C:/Users/Admin/Desktop/hiproject/Project/normal\317.jpg
normal,C:/Users/Admin/Desktop/hiproject/Project/normal\318.jpg
normal,C:/Users/Admin/Desktop/hiproject/Project/normal\319.jpg
normal,C:/Users/Admin/Desktop/hiproject/Project/normal\32.jpg
normal,C:/Users/Admin/Desktop/hiproject/Project/normal\320.jpg
normal,C:/Users/Admin/Desktop/hiproject/Project/normal\321.jpg
normal,C:/Users/Admin/Desktop/hiproject/Project/normal\322.jpg
normal,C:/Users/Admin/Desktop/hiproject/Project/normal\323.jpg
normal,C:/Users/Admin/Desktop/hiproject/Project/normal\324.jpg
normal,C:/Users/Admin/Desktop/hiproject/Project/normal\325.jpg
normal,C:/Users/Admin/Desktop/hiproject/Project/normal\326.jpg
normal,C:/Users/Admin/Desktop/hiproject/Project/normal\327.jpg
normal,C:/Users/Admin/Desktop/hiproject/Project/normal\328.jpg
normal,C:/Users/Admin/Desktop/hiproject/Project/normal\329.jpg
normal,C:/Users/Admin/Desktop/hiproject/Project/normal\33.jpg
normal,C:/Users/Admin/Desktop/hiproject/Project/normal\330.jpg
normal,C:/Users/Admin/Desktop/hiproject/Project/normal\331.jpg
normal,C:/Users/Admin/Desktop/hiproject/Project/normal\332.jpg
normal,C:/Users/Admin/Desktop/hiproject/Project/normal\333.jpg
normal,C:/Users/Admin/Desktop/hiproject/Project/normal\334.jpg
normal,C:/Users/Admin/Desktop/hiproject/Project/normal\335.jpg
normal,C:/Users/Admin/Desktop/hiproject/Project/normal\336.jpg
normal,C:/Users/Admin/Desktop/hiproject/Project/normal\337.jpg
normal,C:/Users/Admin/Desktop/hiproject/Project/normal\338.jpg
normal,C:/Users/Admin/Desktop/hiproject/Project/normal\339.jpg
normal,C:/Users/Admin/Desktop/hiproject/Project/normal\34.jpg
normal,C:/Users/Admin/Desktop/hiproject/Project/normal\340.jpg
normal,C:/Users/Admin/Desktop/hiproject/Project/normal\341.jpg
normal,C:/Users/Admin/Desktop/hiproject/Project/normal\342.jpg
normal,C:/Users/Admin/Desktop/hiproject/Project/normal\343.jpg
normal,C:/Users/Admin/Desktop/hiproject/Project/normal\344.jpg
normal,C:/Users/Admin/Desktop/hiproject/Project/normal\345.jpg
normal,C:/Users/Admin/Desktop/hiproject/Project/normal\346.jpg
normal,C:/Users/Admin/Desktop/hiproject/Project/normal\347.jpg
normal,C:/Users/Admin/Desktop/hiproject/Project/normal\348.jpg
normal,C:/Users/Admin/Desktop/hiproject/Project/normal\349.jpg
normal,C:/Users/Admin/Desktop/hiproject/Project/normal\35.jpg
normal,C:/Users/Admin/Desktop/hiproject/Project/normal\350.jpg
normal,C:/Users/Admin/Desktop/hiproject/Project/normal\351.jpg
normal,C:/Users/Admin/Desktop/hiproject/Project/normal\352.jpg
normal,C:/Users/Admin/Desktop/hiproject/Project/normal\36.jpg
normal,C:/Users/Admin/Desktop/hiproject/Project/normal\37.jpg
normal,C:/Users/Admin/Desktop/hiproject/Project/normal\38.jpg
normal,C:/Users/Admin/Desktop/hiproject/Project/normal\39.jpg
normal,C:/Users/Admin/Desktop/hiproject/Project/normal\4.jpg
normal,C:/Users/Admin/Desktop/hiproject/Project/normal\40.jpg
normal,C:/Users/Admin/Desktop/hiproject/Project/normal\41.jpg
normal,C:/Users/Admin/Desktop/hiproject/Project/normal\42.jpg
normal,C:/Users/Admin/Desktop/hiproject/Project/normal\43.jpg
normal,C:/Users/Admin/Desktop/hiproject/Project/normal\44.jpg
normal,C:/Users/Admin/Desktop/hiproject/Project/normal\45.jpg
normal,C:/Users/Admin/Desktop/hiproject/Project/normal\46.jpg
normal,C:/Users/Admin/Desktop/hiproject/Project/normal\47.jpg
normal,C:/Users/Admin/Desktop/hiproject/Project/normal\48.jpg
normal,C:/Users/Admin/Desktop/hiproject/Project/normal\49.jpg
normal,C:/Users/Admin/Desktop/hiproject/Project/normal\5.jpg
normal,C:/Users/Admin/Desktop/hiproject/Project/normal\50.jpg
normal,C:/Users/Admin/Desktop/hiproject/Project/normal\51.jpg
normal,C:/Users/Admin/Desktop/hiproject/Project/normal\52.jpg
normal,C:/Users/Admin/Desktop/hiproject/Project/normal\53.jpg
normal,C:/Users/Admin/Desktop/hiproject/Project/normal\54.jpg
normal,C:/Users/Admin/Desktop/hiproject/Project/normal\55.jpg
normal,C:/Users/Admin/Desktop/hiproject/Project/normal\56.jpg
normal,C:/Users/Admin/Desktop/hiproject/Project/normal\57.jpg
normal,C:/Users/Admin/Desktop/hiproject/Project/normal\58.jpg
normal,C:/Users/Admin/Desktop/hiproject/Project/normal\59.jpg
normal,C:/Users/Admin/Desktop/hiproject/Project/normal\6.jpg
normal,C:/Users/Admin/Desktop/hiproject/Project/normal\60.jpg
normal,C:/Users/Admin/Desktop/hiproject/Project/normal\61.jpg
normal,C:/Users/Admin/Desktop/hiproject/Project/normal\62.jpg
normal,C:/Users/Admin/Desktop/hiproject/Project/normal\63.jpg
normal,C:/Users/Admin/Desktop/hiproject/Project/normal\64.jpg
normal,C:/Users/Admin/Desktop/hiproject/Project/normal\65.jpg
normal,C:/Users/Admin/Desktop/hiproject/Project/normal\66.jpg
normal,C:/Users/Admin/Desktop/hiproject/Project/normal\67.jpg
normal,C:/Users/Admin/Desktop/hiproject/Project/normal\68.jpg
normal,C:/Users/Admin/Desktop/hiproject/Project/normal\69.jpg
normal,C:/Users/Admin/Desktop/hiproject/Project/normal\7.jpg
normal,C:/Users/Admin/Desktop/hiproject/Project/normal\70.jpg
normal,C:/Users/Admin/Desktop/hiproject/Project/normal\71.jpg
normal,C:/Users/Admin/Desktop/hiproject/Project/normal\72.jpg
normal,C:/Users/Admin/Desktop/hiproject/Project/normal\73.jpg
normal,C:/Users/Admin/Desktop/hiproject/Project/normal\74.jpg
normal,C:/Users/Admin/Desktop/hiproject/Project/normal\75.jpg
normal,C:/Users/Admin/Desktop/hiproject/Project/normal\76.jpg
normal,C:/Users/Admin/Desktop/hiproject/Project/normal\77.jpg
normal,C:/Users/Admin/Desktop/hiproject/Project/normal\78.jpg
normal,C:/Users/Admin/Desktop/hiproject/Project/normal\79.jpg
normal,C:/Users/Admin/Desktop/hiproject/Project/normal\8.jpg
normal,C:/Users/Admin/Desktop/hiproject/Project/normal\80.jpg
normal,C:/Users/Admin/Desktop/hiproject/Project/normal\81.jpg
normal,C:/Users/Admin/Desktop/hiproject/Project/normal\82.jpg
normal,C:/Users/Admin/Desktop/hiproject/Project/normal\83.jpg
normal,C:/Users/Admin/Desktop/hiproject/Project/normal\84.jpg
normal,C:/Users/Admin/Desktop/hiproject/Project/normal\85.jpg
normal,C:/Users/Admin/Desktop/hiproject/Project/normal\86.jpg
normal,C:/Users/Admin/Desktop/hiproject/Project/normal\87.jpg
normal,C:/Users/Admin/Desktop/hiproject/Project/normal\88.jpg
normal,C:/Users/Admin/Desktop/hiproject/Project/normal\89.jpg
normal,C:/Users/Admin/Desktop/hiproject/Project/normal\9.jpg
normal,C:/Users/Admin/Desktop/hiproject/Project/normal\90.jpg
normal,C:/Users/Admin/Desktop/hiproject/Project/normal\91.jpg
normal,C:/Users/Admin/Desktop/hiproject/Project/normal\92.jpg
normal,C:/Users/Admin/Desktop/hiproject/Project/normal\93.jpg
normal,C:/Users/Admin/Desktop/hiproject/Project/normal\94.jpg
normal,C:/Users/Admin/Desktop/hiproject/Project/normal\95.jpg
normal,C:/Users/Admin/Desktop/hiproject/Project/normal\96.jpg
normal,C:/Users/Admin/Desktop/hiproject/Project/normal\97.jpg
normal,C:/Users/Admin/Desktop/hiproject/Project/normal\98.jpg
normal,C:/Users/Admin/Desktop/hiproject/Project/normal\99.jpg
pothole,C:/Users/Admin/Desktop/hiproject/Project/potholes\1.jpg
pothole,C:/Users/Admin/Desktop/hiproject/Project/potholes\10.jpg
pothole,C:/Users/Admin/Desktop/hiproject/Project/potholes\100.jpg
pothole,C:/Users/Admin/Desktop/hiproject/Project/potholes\101.jpg
pothole,C:/Users/Admin/Desktop/hiproject/Project/potholes\102.jpg
pothole,C:/Users/Admin/Desktop/hiproject/Project/potholes\103.jpg
pothole,C:/Users/Admin/Desktop/hiproject/Project/potholes\104.jpg
pothole,C:/Users/Admin/Desktop/hiproject/Project/potholes\105.jpg
pothole,C:/Users/Admin/Desktop/hiproject/Project/potholes\106.jpg
pothole,C:/Users/Admin/Desktop/hiproject/Project/potholes\107.jpg
pothole,C:/Users/Admin/Desktop/hiproject/Project/potholes\108.jpg
pothole,C:/Users/Admin/Desktop/hiproject/Project/potholes\109.jpg
pothole,C:/Users/Admin/Desktop/hiproject/Project/potholes\11.jpg
pothole,C:/Users/Admin/Desktop/hiproject/Project/potholes\110.jpg
pothole,C:/Users/Admin/Desktop/hiproject/Project/potholes\111.jpg
pothole,C:/Users/Admin/Desktop/hiproject/Project/potholes\113.jpg
pothole,C:/Users/Admin/Desktop/hiproject/Project/potholes\114.jpg
pothole,C:/Users/Admin/Desktop/hiproject/Project/potholes\115.jpg
pothole,C:/Users/Admin/Desktop/hiproject/Project/potholes\116.jpg
pothole,C:/Users/Admin/Desktop/hiproject/Project/potholes\117.jpg
pothole,C:/Users/Admin/Desktop/hiproject/Project/potholes\118.jpg
pothole,C:/Users/Admin/Desktop/hiproject/Project/potholes\119.jpg
pothole,C:/Users/Admin/Desktop/hiproject/Project/potholes\12.jpg
pothole,C:/Users/Admin/Desktop/hiproject/Project/potholes\120.jpg
pothole,C:/Users/Admin/Desktop/hiproject/Project/potholes\121.jpg
pothole,C:/Users/Admin/Desktop/hiproject/Project/potholes\122.jpg
pothole,C:/Users/Admin/Desktop/hiproject/Project/potholes\123.jpg
pothole,C:/Users/Admin/Desktop/hiproject/Project/potholes\124.jpg
pothole,C:/Users/Admin/Desktop/hiproject/Project/potholes\125.jpg
pothole,C:/Users/Admin/Desktop/hiproject/Project/potholes\126.jpg
pothole,C:/Users/Admin/Desktop/hiproject/Project/potholes\127.jpg
pothole,C:/Users/Admin/Desktop/hiproject/Project/potholes\128.jpg
pothole,C:/Users/Admin/Desktop/hiproject/Project/potholes\129.jpg
pothole,C:/Users/Admin/Desktop/hiproject/Project/potholes\13.jpg
pothole,C:/Users/Admin/Desktop/hiproject/Project/potholes\130.jpg
pothole,C:/Users/Admin/Desktop/hiproject/Project/potholes\131.jpg
pothole,C:/Users/Admin/Desktop/hiproject/Project/potholes\132.jpg
pothole,C:/Users/Admin/Desktop/hiproject/Project/potholes\133.jpg
pothole,C:/Users/Admin/Desktop/hiproject/Project/potholes\134.jpg
pothole,C:/Users/Admin/Desktop/hiproject/Project/potholes\135.jpg
pothole,C:/Users/Admin/Desktop/hiproject/Project/potholes\136.jpg
pothole,C:/Users/Admin/Desktop/hiproject/Project/potholes\137.jpg
pothole,C:/Users/Admin/Desktop/hiproject/Project/potholes\138.jpg
pothole,C:/Users/Admin/Desktop/hiproject/Project/potholes\139.jpg
pothole,C:/Users/Admin/Desktop/hiproject/Project/potholes\14.jpg
pothole,C:/Users/Admin/Desktop/hiproject/Project/potholes\140.jpg
pothole,C:/Users/Admin/Desktop/hiproject/Project/potholes\141.jpg
pothole,C:/Users/Admin/Desktop/hiproject/Project/potholes\142.jpg
pothole,C:/Users/Admin/Desktop/hiproject/Project/potholes\143.jpg
pothole,C:/Users/Admin/Desktop/hiproject/Project/potholes\144.jpg
pothole,C:/Users/Admin/Desktop/hiproject/Project/potholes\145.jpg
pothole,C:/Users/Admin/Desktop/hiproject/Project/potholes\146.jpg
pothole,C:/Users/Admin/Desktop/hiproject/Project/potholes\147.jpg
pothole,C:/Users/Admin/Desktop/hiproject/Project/potholes\148.jpg
pothole,C:/Users/Admin/Desktop/hiproject/Project/potholes\149.jpg
pothole,C:/Users/Admin/Desktop/hiproject/Project/potholes\15.jpg
pothole,C:/Users/Admin/Desktop/hiproject/Project/potholes\150.jpg
pothole,C:/Users/Admin/Desktop/hiproject/Project/potholes\151.jpg
pothole,C:/Users/Admin/Desktop/hiproject/Project/potholes\152.jpg
pothole,C:/Users/Admin/Desktop/hiproject/Project/potholes\153.jpg
pothole,C:/Users/Admin/Desktop/hiproject/Project/potholes\154.jpg
pothole,C:/Users/Admin/Desktop/hiproject/Project/potholes\155.jpg
pothole,C:/Users/Admin/Desktop/hiproject/Project/potholes\156.jpg
pothole,C:/Users/Admin/Desktop/hiproject/Project/potholes\157.jpg
pothole,C:/Users/Admin/Desktop/hiproject/Project/potholes\158.jpg
pothole,C:/Users/Admin/Desktop/hiproject/Project/potholes\159.jpg
pothole,C:/Users/Admin/Desktop/hiproject/Project/potholes\16.jpg
pothole,C:/Users/Admin/Desktop/hiproject/Project/potholes\160.jpg
pothole,C:/Users/Admin/Desktop/hiproject/Project/potholes\161.jpg
pothole,C:/Users/Admin/Desktop/hiproject/Project/potholes\162.jpg
pothole,C:/Users/Admin/Desktop/hiproject/Project/potholes\163.jpg
pothole,C:/Users/Admin/Desktop/hiproject/Project/potholes\164.jpg
pothole,C:/Users/Admin/Desktop/hiproject/Project/potholes\165.jpg
pothole,C:/Users/Admin/Desktop/hiproject/Project/potholes\166.jpg
pothole,C:/Users/Admin/Desktop/hiproject/Project/potholes\167.jpg
pothole,C:/Users/Admin/Desktop/hiproject/Project/potholes\168.jpg
pothole,C:/Users/Admin/Desktop/hiproject/Project/potholes\169.jpg
pothole,C:/Users/Admin/Desktop/hiproject/Project/potholes\17.jpg
pothole,C:/Users/Admin/Desktop/hiproject/Project/potholes\170.jpg
pothole,C:/Users/Admin/Desktop/hiproject/Project/potholes\171.jpg
pothole,C:/Users/Admin/Desktop/hiproject/Project/potholes\172.jpg
pothole,C:/Users/Admin/Desktop/hiproject/Project/potholes\173.jpg
pothole,C:/Users/Admin/Desktop/hiproject/Project/potholes\174.jpg
pothole,C:/Users/Admin/Desktop/hiproject/Project/potholes\175.jpg
pothole,C:/Users/Admin/Desktop/hiproject/Project/potholes\176.jpg
pothole,C:/Users/Admin/Desktop/hiproject/Project/potholes\177.jpg
pothole,C:/Users/Admin/Desktop/hiproject/Project/potholes\178.jpg
pothole,C:/Users/Admin/Desktop/hiproject/Project/potholes\179.jpg
pothole,C:/Users/Admin/Desktop/hiproject/Project/potholes\18.jpg
pothole,C:/Users/Admin/Desktop/hiproject/Project/potholes\180.jpg
pothole,C:/Users/Admin/Desktop/hiproject/Project/potholes\181.jpg
pothole,C:/Users/Admin/Desktop/hiproject/Project/potholes\182.jpg
pothole,C:/Users/Admin/Desktop/hiproject/Project/potholes\183.jpg
pothole,C:/Users/Admin/Desktop/hiproject/Project/potholes\184.jpg
pothole,C:/Users/Admin/Desktop/hiproject/Project/potholes\185.jpg
pothole,C:/Users/Admin/Desktop/hiproject/Project/potholes\186.jpg
pothole,C:/Users/Admin/Desktop/hiproject/Project/potholes\187.jpg
pothole,C:/Users/Admin/Desktop/hiproject/Project/potholes\188.jpg
pothole,C:/Users/Admin/Desktop/hiproject/Project/potholes\189.jpg
pothole,C:/Users/Admin/Desktop/hiproject/Project/potholes\19.jpg
pothole,C:/Users/Admin/Desktop/hiproject/Project/potholes\190.jpg
pothole,C:/Users/Admin/Desktop/hiproject/Project/potholes\191.jpg
pothole,C:/Users/Admin/Desktop/hiproject/Project/potholes\192.jpg
pothole,C:/Users/Admin/Desktop/hiproject/Project/potholes\193.jpg
pothole,C:/Users/Admin/Desktop/hiproject/Project/potholes\194.jpg
pothole,C:/Users/Admin/Desktop/hiproject/Project/potholes\195.jpg
pothole,C:/Users/Admin/Desktop/hiproject/Project/potholes\196.jpg
pothole,C:/Users/Admin/Desktop/hiproject/Project/potholes\197.jpg
pothole,C:/Users/Admin/Desktop/hiproject/Project/potholes\198.jpg
pothole,C:/Users/Admin/Desktop/hiproject/Project/potholes\199.jpg
pothole,C:/Users/Admin/Desktop/hiproject/Project/potholes\2.jpg
pothole,C:/Users/Admin/Desktop/hiproject/Project/potholes\20.jpg
pothole,C:/Users/Admin/Desktop/hiproject/Project/potholes\200.jpg
pothole,C:/Users/Admin/Desktop/hiproject/Project/potholes\201.jpg
pothole,C:/Users/Admin/Desktop/hiproject/Project/potholes\202.jpg
pothole,C:/Users/Admin/Desktop/hiproject/Project/potholes\203.jpg
pothole,C:/Users/Admin/Desktop/hiproject/Project/potholes\204.jpg
pothole,C:/Users/Admin/Desktop/hiproject/Project/potholes\205.jpg
pothole,C:/Users/Admin/Desktop/hiproject/Project/potholes\206.jpg
pothole,C:/Users/Admin/Desktop/hiproject/Project/potholes\207.jpg
pothole,C:/Users/Admin/Desktop/hiproject/Project/potholes\208.jpg
pothole,C:/Users/Admin/Desktop/hiproject/Project/potholes\209.jpg
pothole,C:/Users/Admin/Desktop/hiproject/Project/potholes\21.jpg
pothole,C:/Users/Admin/Desktop/hiproject/Project/potholes\210.jpg
pothole,C:/Users/Admin/Desktop/hiproject/Project/potholes\211.jpg
pothole,C:/Users/Admin/Desktop/hiproject/Project/potholes\212.jpg
pothole,C:/Users/Admin/Desktop/hiproject/Project/potholes\213.jpg
pothole,C:/Users/Admin/Desktop/hiproject/Project/potholes\214.jpg
pothole,C:/Users/Admin/Desktop/hiproject/Project/potholes\215.jpg
pothole,C:/Users/Admin/Desktop/hiproject/Project/potholes\216.jpg
pothole,C:/Users/Admin/Desktop/hiproject/Project/potholes\217.jpg
pothole,C:/Users/Admin/Desktop/hiproject/Project/potholes\218.jpg
pothole,C:/Users/Admin/Desktop/hiproject/Project/potholes\219.jpg
pothole,C:/Users/Admin/Desktop/hiproject/Project/potholes\22.jpg
pothole,C:/Users/Admin/Desktop/hiproject/Project/potholes\220.jpg
pothole,C:/Users/Admin/Desktop/hiproject/Project/potholes\221.jpg
pothole,C:/Users/Admin/Desktop/hiproject/Project/potholes\222.jpg
pothole,C:/Users/Admin/Desktop/hiproject/Project/potholes\223.jpg
pothole,C:/Users/Admin/Desktop/hiproject/Project/potholes\224.jpg
pothole,C:/Users/Admin/Desktop/hiproject/Project/potholes\225.jpg
pothole,C:/Users/Admin/Desktop/hiproject/Project/potholes\226.jpg
pothole,C:/Users/Admin/Desktop/hiproject/Project/potholes\227.jpg
pothole,C:/Users/Admin/Desktop/hiproject/Project/potholes\228.jpg
pothole,C:/Users/Admin/Desktop/hiproject/Project/potholes\229.jpg
pothole,C:/Users/Admin/Desktop/hiproject/Project/potholes\23.jpg
pothole,C:/Users/Admin/Desktop/hiproject/Project/potholes\230.jpg
pothole,C:/Users/Admin/Desktop/hiproject/Project/potholes\231.jpg
pothole,C:/Users/Admin/Desktop/hiproject/Project/potholes\232.jpg
pothole,C:/Users/Admin/Desktop/hiproject/Project/potholes\233.jpg
pothole,C:/Users/Admin/Desktop/hiproject/Project/potholes\234.jpg
pothole,C:/Users/Admin/Desktop/hiproject/Project/potholes\235.jpg
pothole,C:/Users/Admin/Desktop/hiproject/Project/potholes\236.jpg
pothole,C:/Users/Admin/Desktop/hiproject/Project/potholes\237.jpg
pothole,C:/Users/Admin/Desktop/hiproject/Project/potholes\238.jpg
pothole,C:/Users/Admin/Desktop/hiproject/Project/potholes\239.jpg
pothole,C:/Users/Admin/Desktop/hiproject/Project/potholes\24.jpg
pothole,C:/Users/Admin/Desktop/hiproject/Project/potholes\240.jpg
pothole,C:/Users/Admin/Desktop/hiproject/Project/potholes\241.jpg
pothole,C:/Users/Admin/Desktop/hiproject/Project/potholes\242.jpg
pothole,C:/Users/Admin/Desktop/hiproject/Project/potholes\243.jpg
pothole,C:/Users/Admin/Desktop/hiproject/Project/potholes\244.jpg
pothole,C:/Users/Admin/Desktop/hiproject/Project/potholes\245.jpg
pothole,C:/Users/Admin/Desktop/hiproject/Project/potholes\246.jpg
pothole,C:/Users/Admin/Desktop/hiproject/Project/potholes\247.jpg
pothole,C:/Users/Admin/Desktop/hiproject/Project/potholes\248.jpg
pothole,C:/Users/Admin/Desktop/hiproject/Project/potholes\249.jpg
pothole,C:/Users/Admin/Desktop/hiproject/Project/potholes\25.jpg
pothole,C:/Users/Admin/Desktop/hiproject/Project/potholes\250.jpg
pothole,C:/Users/Admin/Desktop/hiproject/Project/potholes\251.jpg
pothole,C:/Users/Admin/Desktop/hiproject/Project/potholes\252.jpg
pothole,C:/Users/Admin/Desktop/hiproject/Project/potholes\253.jpg
pothole,C:/Users/Admin/Desktop/hiproject/Project/potholes\254.jpg
pothole,C:/Users/Admin/Desktop/hiproject/Project/potholes\255.jpg
pothole,C:/Users/Admin/Desktop/hiproject/Project/potholes\256.jpg
pothole,C:/Users/Admin/Desktop/hiproject/Project/potholes\257.jpg
pothole,C:/Users/Admin/Desktop/hiproject/Project/potholes\258.jpg
pothole,C:/Users/Admin/Desktop/hiproject/Project/potholes\259.jpg
pothole,C:/Users/Admin/Desktop/hiproject/Project/potholes\26.jpg
pothole,C:/Users/Admin/Desktop/hiproject/Project/potholes\260.jpg
pothole,C:/Users/Admin/Desktop/hiproject/Project/potholes\261.jpg
pothole,C:/Users/Admin/Desktop/hiproject/Project/potholes\262.jpg
pothole,C:/Users/Admin/Desktop/hiproject/Project/potholes\263.jpg
pothole,C:/Users/Admin/Desktop/hiproject/Project/potholes\264.jpg
pothole,C:/Users/Admin/Desktop/hiproject/Project/potholes\265.jpg
pothole,C:/Users/Admin/Desktop/hiproject/Project/potholes\266.jpg
pothole,C:/Users/Admin/Desktop/hiproject/Project/potholes\267.jpg
pothole,C:/Users/Admin/Desktop/hiproject/Project/potholes\268.jpg
pothole,C:/Users/Admin/Desktop/hiproject/Project/potholes\269.jpg
pothole,C:/Users/Admin/Desktop/hiproject/Project/potholes\27.jpg
pothole,C:/Users/Admin/Desktop/hiproject/Project/potholes\270.jpg
pothole,C:/Users/Admin/Desktop/hiproject/Project/potholes\271.jpg
pothole,C:/Users/Admin/Desktop/hiproject/Project/potholes\272.jpg
pothole,C:/Users/Admin/Desktop/hiproject/Project/potholes\273.jpg
pothole,C:/Users/Admin/Desktop/hiproject/Project/potholes\274.jpg
pothole,C:/Users/Admin/Desktop/hiproject/Project/potholes\275.jpg
pothole,C:/Users/Admin/Desktop/hiproject/Project/potholes\276.jpg
pothole,C:/Users/Admin/Desktop/hiproject/Project/potholes\277.jpg
pothole,C:/Users/Admin/Desktop/hiproject/Project/potholes\278.jpg
pothole,C:/Users/Admin/Desktop/hiproject/Project/potholes\279.jpg
pothole,C:/Users/Admin/Desktop/hiproject/Project/potholes\28.jpg
pothole,C:/Users/Admin/Desktop/hiproject/Project/potholes\280.jpg
pothole,C:/Users/Admin/Desktop/hiproject/Project/potholes\281.jpg
pothole,C:/Users/Admin/Desktop/hiproject/Project/potholes\282.jpg
pothole,C:/Users/Admin/Desktop/hiproject/Project/potholes\283.jpg
pothole,C:/Users/Admin/Desktop/hiproject/Project/potholes\284.jpg
pothole,C:/Users/Admin/Desktop/hiproject/Project/potholes\285.jpg
pothole,C:/Users/Admin/Desktop/hiproject/Project/potholes\286.jpg
pothole,C:/Users/Admin/Desktop/hiproject/Project/potholes\287.jpg
pothole,C:/Users/Admin/Desktop/hiproject/Project/potholes\288.jpg
pothole,C:/Users/Admin/Desktop/hiproject/Project/potholes\289.jpg
pothole,C:/Users/Admin/Desktop/hiproject/Project/potholes\29.jpg
pothole,C:/Users/Admin/Desktop/hiproject/Project/potholes\290.jpg
pothole,C:/Users/Admin/Desktop/hiproject/Project/potholes\291.jpg
pothole,C:/Users/Admin/Desktop/hiproject/Project/potholes\292.jpg
pothole,C:/Users/Admin/Desktop/hiproject/Project/potholes\293.jpg
pothole,C:/Users/Admin/Desktop/hiproject/Project/potholes\294.jpg
pothole,C:/Users/Admin/Desktop/hiproject/Project/potholes\295.jpg
pothole,C:/Users/Admin/Desktop/hiproject/Project/potholes\296.jpg
pothole,C:/Users/Admin/Desktop/hiproject/Project/potholes\297.jpg
pothole,C:/Users/Admin/Desktop/hiproject/Project/potholes\298.jpg
pothole,C:/Users/Admin/Desktop/hiproject/Project/potholes\299.jpg
pothole,C:/Users/Admin/Desktop/hiproject/Project/potholes\3.jpg
pothole,C:/Users/Admin/Desktop/hiproject/Project/potholes\30.jpg
pothole,C:/Users/Admin/Desktop/hiproject/Project/potholes\300.jpg
pothole,C:/Users/Admin/Desktop/hiproject/Project/potholes\301.jpg
pothole,C:/Users/Admin/Desktop/hiproject/Project/potholes\302.jpg
pothole,C:/Users/Admin/Desktop/hiproject/Project/potholes\303.jpg
pothole,C:/Users/Admin/Desktop/hiproject/Project/potholes\304.jpg
pothole,C:/Users/Admin/Desktop/hiproject/Project/potholes\305.jpg
pothole,C:/Users/Admin/Desktop/hiproject/Project/potholes\306.jpg
pothole,C:/Users/Admin/Desktop/hiproject/Project/potholes\307.jpg
pothole,C:/Users/Admin/Desktop/hiproject/Project/potholes\308.jpg
pothole,C:/Users/Admin/Desktop/hiproject/Project/potholes\309.jpg
pothole,C:/Users/Admin/Desktop/hiproject/Project/potholes\31.jpg
pothole,C:/Users/Admin/Desktop/hiproject/Project/potholes\310.jpg
pothole,C:/Users/Admin/Desktop/hiproject/Project/potholes\311.jpg
pothole,C:/Users/Admin/Desktop/hiproject/Project/potholes\312.jpg
pothole,C:/Users/Admin/Desktop/hiproject/Project/potholes\313.jpg
pothole,C:/Users/Admin/Desktop/hiproject/Project/potholes\314.jpg
pothole,C:/Users/Admin/Desktop/hiproject/Project/potholes\315.jpg
pothole,C:/Users/Admin/Desktop/hiproject/Project/potholes\316.jpg
pothole,C:/Users/Admin/Desktop/hiproject/Project/potholes\317.jpg
pothole,C:/Users/Admin/Desktop/hiproject/Project/potholes\318.jpg
pothole,C:/Users/Admin/Desktop/hiproject/Project/potholes\319.jpg
pothole,C:/Users/Admin/Desktop/hiproject/Project/potholes\32.jpg
pothole,C:/Users/Admin/Desktop/hiproject/Project/potholes\320.jpg
pothole,C:/Users/Admin/Desktop/hiproject/Project/potholes\321.jpg
pothole,C:/Users/Admin/Desktop/hiproject/Project/potholes\322.jpg
pothole,C:/Users/Admin/Desktop/hiproject/Project/potholes\323.jpg
pothole,C:/Users/Admin/Desktop/hiproject/Project/potholes\324.jpg
pothole,C:/Users/Admin/Desktop/hiproject/Project/potholes\325.jpg
pothole,C:/Users/Admin/Desktop/hiproject/Project/potholes\326.jpg
pothole,C:/Users/Admin/Desktop/hiproject/Project/potholes\327.jpg
pothole,C:/Users/Admin/Desktop/hiproject/Project/potholes\328.jpg
pothole,C:/Users/Admin/Desktop/hiproject/Project/potholes\329.jpg
pothole,C:/Users/Admin/Desktop/hiproject/Project/potholes\33.jpg
pothole,C:/Users/Admin/Desktop/hiproject/Project/potholes\34.jpg
pothole,C:/Users/Admin/Desktop/hiproject/Project/potholes\35.jpg
pothole,C:/Users/Admin/Desktop/hiproject/Project/potholes\36.jpg
pothole,C:/Users/Admin/Desktop/hiproject/Project/potholes\37.jpg
pothole,C:/Users/Admin/Desktop/hiproject/Project/potholes\38.jpg
pothole,C:/Users/Admin/Desktop/hiproject/Project/potholes\39.jpg
pothole,C:/Users/Admin/Desktop/hiproject/Project/potholes\4.jpg
pothole,C:/Users/Admin/Desktop/hiproject/Project/potholes\40.jpg
pothole,C:/Users/Admin/Desktop/hiproject/Project/potholes\41.jpg
pothole,C:/Users/Admin/Desktop/hiproject/Project/potholes\42.jpg
pothole,C:/Users/Admin/Desktop/hiproject/Project/potholes\43.jpg
pothole,C:/Users/Admin/Desktop/hiproject/Project/potholes\44.jpg
pothole,C:/Users/Admin/Desktop/hiproject/Project/potholes\45.jpg
pothole,C:/Users/Admin/Desktop/hiproject/Project/potholes\46.jpg
pothole,C:/Users/Admin/Desktop/hiproject/Project/potholes\47.jpg
pothole,C:/Users/Admin/Desktop/hiproject/Project/potholes\48.jpg
pothole,C:/Users/Admin/Desktop/hiproject/Project/potholes\49.jpg
pothole,C:/Users/Admin/Desktop/hiproject/Project/potholes\5.jpg
pothole,C:/Users/Admin/Desktop/hiproject/Project/potholes\50.jpg
pothole,C:/Users/Admin/Desktop/hiproject/Project/potholes\51.jpg
pothole,C:/Users/Admin/Desktop/hiproject/Project/potholes\52.jpg
pothole,C:/Users/Admin/Desktop/hiproject/Project/potholes\53.jpg
pothole,C:/Users/Admin/Desktop/hiproject/Project/potholes\54.jpg
pothole,C:/Users/Admin/Desktop/hiproject/Project/potholes\55.jpg
pothole,C:/Users/Admin/Desktop/hiproject/Project/potholes\56.jpg
pothole,C:/Users/Admin/Desktop/hiproject/Project/potholes\57.jpg
pothole,C:/Users/Admin/Desktop/hiproject/Project/potholes\58.jpg
pothole,C:/Users/Admin/Desktop/hiproject/Project/potholes\59.jpg
pothole,C:/Users/Admin/Desktop/hiproject/Project/potholes\6.jpg
pothole,C:/Users/Admin/Desktop/hiproject/Project/potholes\60.jpg
pothole,C:/Users/Admin/Desktop/hiproject/Project/potholes\61.jpg
pothole,C:/Users/Admin/Desktop/hiproject/Project/potholes\62.jpg
pothole,C:/Users/Admin/Desktop/hiproject/Project/potholes\63.jpg
pothole,C:/Users/Admin/Desktop/hiproject/Project/potholes\64.jpg
pothole,C:/Users/Admin/Desktop/hiproject/Project/potholes\65.jpg
pothole,C:/Users/Admin/Desktop/hiproject/Project/potholes\66.jpg
pothole,C:/Users/Admin/Desktop/hiproject/Project/potholes\67.jpg
pothole,C:/Users/Admin/Desktop/hiproject/Project/potholes\68.jpg
pothole,C:/Users/Admin/Desktop/hiproject/Project/potholes\69.jpg
pothole,C:/Users/Admin/Desktop/hiproject/Project/potholes\7.jpg
pothole,C:/Users/Admin/Desktop/hiproject/Project/potholes\70.jpg
pothole,C:/Users/Admin/Desktop/hiproject/Project/potholes\71.jpg
pothole,C:/Users/Admin/Desktop/hiproject/Project/potholes\72.jpg
pothole,C:/Users/Admin/Desktop/hiproject/Project/potholes\73.jpg
pothole,C:/Users/Admin/Desktop/hiproject/Project/potholes\74.jpg
pothole,C:/Users/Admin/Desktop/hiproject/Project/potholes\75.jpg
pothole,C:/Users/Admin/Desktop/hiproject/Project/potholes\76.jpg
pothole,C:/Users/Admin/Desktop/hiproject/Project/potholes\77.jpg
pothole,C:/Users/Admin/Desktop/hiproject/Project/potholes\78.jpg
pothole,C:/Users/Admin/Desktop/hiproject/Project/potholes\79.jpg
pothole,C:/Users/Admin/Desktop/hiproject/Project/potholes\8.jpg
pothole,C:/Users/Admin/Desktop/hiproject/Project/potholes\80.jpg
pothole,C:/Users/Admin/Desktop/hiproject/Project/potholes\81.jpg
pothole,C:/Users/Admin/Desktop/hiproject/Project/potholes\82.jpg
pothole,C:/Users/Admin/Desktop/hiproject/Project/potholes\83.jpg
pothole,C:/Users/Admin/Desktop/hiproject/Project/potholes\84.jpg
pothole,C:/Users/Admin/Desktop/hiproject/Project/potholes\85.jpg
pothole,C:/Users/Admin/Desktop/hiproject/Project/potholes\86.jpg
pothole,C:/Users/Admin/Desktop/hiproject/Project/potholes\87.jpg
pothole,C:/Users/Admin/Desktop/hiproject/Project/potholes\88.jpg
pothole,C:/Users/Admin/Desktop/hiproject/Project/potholes\89.jpg
pothole,C:/Users/Admin/Desktop/hiproject/Project/potholes\9.jpg
pothole,C:/Users/Admin/Desktop/hiproject/Project/potholes\90.jpg
pothole,C:/Users/Admin/Desktop/hiproject/Project/potholes\91.jpg
pothole,C:/Users/Admin/Desktop/hiproject/Project/potholes\92.jpg
pothole,C:/Users/Admin/Desktop/hiproject/Project/potholes\93.jpg
pothole,C:/Users/Admin/Desktop/hiproject/Project/potholes\94.jpg
pothole,C:/Users/Admin/Desktop/hiproject/Project/potholes\95.jpg
pothole,C:/Users/Admin/Desktop/hiproject/Project/potholes\96.jpg
pothole,C:/Users/Admin/Desktop/hiproject/Project/potholes\97.jpg
pothole,C:/Users/Admin/Desktop/hiproject/Project/potholes\98.jpg
pothole,C:/Users/Admin/Desktop/hiproject/Project/potholes\99.jpg
